Links,Address,Description,Price
https://www.rightmove.co.uk/properties/118164338#/?channel=RES_BUY,Peloton Avenue London E20,2 bedroom flat for sale,"£675,000"
https://www.rightmove.co.uk/properties/116733542#/?channel=RES_BUY,"New Garden Quarter, London E15",3 bedroom apartment for sale,"£800,000"
https://www.rightmove.co.uk/properties/89044105#/?channel=RES_BUY,"STRATFORD LOFTS, 22 INTERNATIONAL WAY, Stratford, London, E20",2 bedroom flat for sale,"£799,999"
https://www.rightmove.co.uk/properties/118997666#/?channel=RES_BUY,"Hyett Court, E20",3 bedroom flat for sale,"£799,995"
https://www.rightmove.co.uk/properties/119760758#/?channel=RES_BUY,"Manhattan Loft Apartments, International Way E20",2 bedroom apartment for sale,"£795,000"
https://www.rightmove.co.uk/properties/93683264#/?channel=RES_BUY,"Glasshouse Gardens, Stratford",2 bedroom flat for sale,"£780,000"
https://www.rightmove.co.uk/properties/114425243#/?channel=RES_BUY,"Legacy Tower, Great Eastern Road E15",3 bedroom apartment for sale,"£775,000"
https://www.rightmove.co.uk/properties/107603531#/?channel=RES_BUY,"International Way, Stratford, London, E20",2 bedroom flat for sale,"£775,000"
https://www.rightmove.co.uk/properties/114544421#/?channel=RES_BUY,"Legacy Tower, Stratford Central, London E15",3 bedroom apartment for sale,"£765,000"
https://www.rightmove.co.uk/properties/113724731#/?channel=RES_BUY,Great Eastern Road London E15,3 bedroom apartment for sale,"£765,000"
https://www.rightmove.co.uk/properties/119459933#/?channel=RES_BUY,"Tandy Place,
London,
E20 3AS",3 bedroom apartment for sale,"£760,000"
https://www.rightmove.co.uk/properties/119907953#/?channel=RES_BUY,"Chobham Road, London, E15",3 bedroom town house for sale,"£750,000"
https://www.rightmove.co.uk/properties/118949906#/?channel=RES_BUY,"Legacy Tower, Stratford Central London E15",3 bedroom apartment for sale,"£750,000"
https://www.rightmove.co.uk/properties/113852489#/?channel=RES_BUY,Great Eastern Road London E15,3 bedroom apartment for sale,"£750,000"
https://www.rightmove.co.uk/properties/113839823#/?channel=RES_BUY,"High Street, Stratford, London, E15",3 bedroom flat for sale,"£750,000"
https://www.rightmove.co.uk/properties/116014085#/?channel=RES_BUY,"Fish Island Village Sales Office
7 Monkwood Way
Hackney
E3 2WS",3 bedroom apartment for sale,"£745,000"
https://www.rightmove.co.uk/properties/119994605#/?channel=RES_BUY,"Stone Studios, 80-84 Wallis Road, Hackney Wick, E9",2 bedroom apartment for sale,"£740,000"
https://www.rightmove.co.uk/properties/110622209#/?channel=RES_BUY,"Fish Island Village Sales Office
7 Monkwood Way
Hackney
E3 2WS",3 bedroom apartment for sale,"£730,000"
https://www.rightmove.co.uk/properties/119663804#/?channel=RES_BUY,"Stewart Road , Stratford, London E15",3 bedroom end of terrace house for sale,"£725,000"
https://www.rightmove.co.uk/properties/112543730#/?channel=RES_BUY,"Radlett Close, Forest Gate, London, E7",3 bedroom house for sale,"£725,000"
https://www.rightmove.co.uk/properties/112552124#/?channel=RES_BUY,"Radlett Close, Forest Gate",3 bedroom end of terrace house for sale,"£725,000"
https://www.rightmove.co.uk/properties/112584110#/?channel=RES_BUY,"Radlett Close, Forest Gate, London, E7",3 bedroom house for sale,"£725,000"
https://www.rightmove.co.uk/properties/119815430#/?channel=RES_BUY,"Windsor Road, Leyton, London, E10",3 bedroom terraced house for sale,"£725,000"
https://www.rightmove.co.uk/properties/115965770#/?channel=RES_BUY,"Fish Island Village Sales Office
7 Monkwood Way
Hackney
E3 2WS",3 bedroom apartment for sale,"£722,500"
https://www.rightmove.co.uk/properties/83919708#/?channel=RES_BUY,"Coronation Square Sales Suite,
100 Oliver Road,
London,
E10",3 bedroom apartment for sale,"£715,000"
https://www.rightmove.co.uk/properties/120161486#/?channel=RES_BUY,"Worland Road, Stratford, London, E15",3 bedroom terraced house for sale,"£625,000"
https://www.rightmove.co.uk/properties/119363054#/?channel=RES_BUY,"Fish Island Village Sales Office
7 Monkwood Way
Hackney
E3 2WS",3 bedroom apartment for sale,"£710,000"
https://www.rightmove.co.uk/properties/108123713#/?channel=RES_BUY,"Waterman House, New Garden Quarter, Stratford, E15",3 bedroom apartment for sale,"£710,000"
https://www.rightmove.co.uk/properties/119363048#/?channel=RES_BUY,"Fish Island Village Sales Office
7 Monkwood Way
Hackney
E3 2WS",3 bedroom apartment for sale,"£705,000"
https://www.rightmove.co.uk/properties/115884719#/?channel=RES_BUY,"Stone Studios, 80-84 Wallis Road, Hackney Wick, E9",2 bedroom apartment for sale,"£705,000"
https://www.rightmove.co.uk/properties/83919705#/?channel=RES_BUY,"Coronation Square Sales Suite,
100 Oliver Road,
London,
E10",3 bedroom town house for sale,"£705,000"
https://www.rightmove.co.uk/properties/119968973#/?channel=RES_BUY,"Anthology Stratford Mill
Marshgate Late
London
E15 2NH",3 bedroom apartment for sale,"£705,000"
https://www.rightmove.co.uk/properties/119438471#/?channel=RES_BUY,"Cadogan Terrace, Hackney",2 bedroom flat for sale,"£700,000"
https://www.rightmove.co.uk/properties/118619444#/?channel=RES_BUY,"New Garden Quarter, Stratford E15",3 bedroom apartment for sale,"£700,000"
https://www.rightmove.co.uk/properties/82663272#/?channel=RES_BUY,"Legacy House, 4A Roach Road, London, E3",2 bedroom apartment for sale,"£700,000"
https://www.rightmove.co.uk/properties/119879069#/?channel=RES_BUY,"Peloton Avenue , Olympic Village, Stratford",3 bedroom flat for sale,"£699,995"
https://www.rightmove.co.uk/properties/118048268#/?channel=RES_BUY,High Street London E15,3 bedroom apartment for sale,"£695,000"
https://www.rightmove.co.uk/properties/119968895#/?channel=RES_BUY,"Anthology Stratford Mill
Marshgate Late
London
E15 2NH",3 bedroom apartment for sale,"£695,000"
https://www.rightmove.co.uk/properties/119968715#/?channel=RES_BUY,"Anthology Stratford Mill
Marshgate Late
London
E15 2NH",3 bedroom apartment for sale,"£690,000"
https://www.rightmove.co.uk/properties/82665876#/?channel=RES_BUY,"Windmill Lane,
Stratford,
London,
E15",3 bedroom apartment for sale,"£689,000"
https://www.rightmove.co.uk/properties/120116363#/?channel=RES_BUY,"Windmill Lane,
Stratford,
London,
E15",3 bedroom apartment for sale,"£689,000"
https://www.rightmove.co.uk/properties/112020173#/?channel=RES_BUY,"Marshgate Lane, Stratford, E15",2 bedroom apartment for sale,"£688,000"
https://www.rightmove.co.uk/properties/119760677#/?channel=RES_BUY,"Marshgate Lane, Stratford, London, E15",2 bedroom apartment for sale,"£688,000"
https://www.rightmove.co.uk/properties/119968448#/?channel=RES_BUY,"Anthology Stratford Mill
Marshgate Late
London
E15 2NH",3 bedroom apartment for sale,"£680,000"
https://www.rightmove.co.uk/properties/111697091#/?channel=RES_BUY,"Eastway, Victoria Park",3 bedroom flat for sale,"£675,000"
https://www.rightmove.co.uk/properties/118164338#/?channel=RES_BUY,Peloton Avenue London E20,2 bedroom flat for sale,"£675,000"
https://www.rightmove.co.uk/properties/114544412#/?channel=RES_BUY,"Lantana Heights, Glasshouse Gardens, Stratford E20",2 bedroom apartment for sale,"£675,000"
https://www.rightmove.co.uk/properties/82148469#/?channel=RES_BUY,Station Street London E15,3 bedroom flat for sale,"£675,000"
https://www.rightmove.co.uk/properties/120005240#/?channel=RES_BUY,"Stratford Mill, London, E15",3 bedroom apartment for sale,"£675,000"
https://www.rightmove.co.uk/properties/119968331#/?channel=RES_BUY,"Anthology Stratford Mill
Marshgate Late
London
E15 2NH",3 bedroom apartment for sale,"£675,000"
https://www.rightmove.co.uk/properties/119459933#/?channel=RES_BUY,"Tandy Place,
London,
E20 3AS",3 bedroom apartment for sale,"£760,000"
https://www.rightmove.co.uk/properties/120172832#/?channel=RES_BUY,"Forrester Way, London, E15",2 bedroom maisonette for sale,"£675,000"
https://www.rightmove.co.uk/properties/113914574#/?channel=RES_BUY,"Lantana Heights, Glasshouse Gardens E20",2 bedroom apartment for sale,"£675,000"
https://www.rightmove.co.uk/properties/119206016#/?channel=RES_BUY,"Cooks Road,
London,
E15",3 bedroom duplex for sale,"£670,000"
https://www.rightmove.co.uk/properties/119206055#/?channel=RES_BUY,"Cooks Road,
London,
E15",3 bedroom duplex for sale,"£670,000"
https://www.rightmove.co.uk/properties/116735408#/?channel=RES_BUY,"Cooks Road,
London,
E15",3 bedroom duplex for sale,"£665,000"
https://www.rightmove.co.uk/properties/120166634#/?channel=RES_BUY,"Cooks Road,
London,
E15",3 bedroom duplex for sale,"£665,000"
https://www.rightmove.co.uk/properties/119205929#/?channel=RES_BUY,"Cooks Road,
London,
E15",3 bedroom duplex for sale,"£665,000"
https://www.rightmove.co.uk/properties/119792603#/?channel=RES_BUY,"Ash Road, Stratford",3 bedroom terraced house for sale,"£650,000"
https://www.rightmove.co.uk/properties/119205848#/?channel=RES_BUY,"Cooks Road,
London,
E15",2 bedroom duplex for sale,"£650,000"
https://www.rightmove.co.uk/properties/117010394#/?channel=RES_BUY,Wild Flowers Gardens London E3,3 bedroom apartment for sale,"£650,000"
https://www.rightmove.co.uk/properties/118048280#/?channel=RES_BUY,"Stratosphere Tower, Stratford E15",2 bedroom apartment for sale,"£650,000"
https://www.rightmove.co.uk/properties/117771791#/?channel=RES_BUY,"Manbey Park Road, London, E15",3 bedroom semi-detached house for sale,"£650,000"
https://www.rightmove.co.uk/properties/119088932#/?channel=RES_BUY,Station Street London E15,2 bedroom apartment for sale,"£650,000"
https://www.rightmove.co.uk/properties/120007817#/?channel=RES_BUY,"Lock No.19, Bream Street, London, E3",3 bedroom apartment for sale,"£650,000"
https://www.rightmove.co.uk/properties/118048364#/?channel=RES_BUY,Great Eastern Road London E15,2 bedroom apartment for sale,"£650,000"
https://www.rightmove.co.uk/properties/118965536#/?channel=RES_BUY,"Douro Street, London, E3",2 bedroom terraced house for sale,"£650,000"
https://www.rightmove.co.uk/properties/119205728#/?channel=RES_BUY,"Cooks Road,
London,
E15",2 bedroom duplex for sale,"£650,000"
https://www.rightmove.co.uk/properties/119760653#/?channel=RES_BUY,"Great Eastern Road, Stratford E15",2 bedroom apartment for sale,"£650,000"
https://www.rightmove.co.uk/properties/120104867#/?channel=RES_BUY,"White Post Lane, Hackney, E9",2 bedroom flat for sale,"£650,000"
https://www.rightmove.co.uk/properties/120069950#/?channel=RES_BUY,"White Post Lane, London, E9",2 bedroom apartment for sale,"£650,000"
https://www.rightmove.co.uk/properties/116805197#/?channel=RES_BUY,"Windmill Lane,
Stratford,
London,
E15",3 bedroom apartment for sale,"£649,000"
https://www.rightmove.co.uk/properties/119910368#/?channel=RES_BUY,"Idmiston Road, Stratford",3 bedroom semi-detached house for sale,"£635,000"
https://www.rightmove.co.uk/properties/73541592#/?channel=RES_BUY,"Stratosphere Tower, Stratford, London E15",2 bedroom apartment for sale,"£629,999"
https://www.rightmove.co.uk/properties/119827787#/?channel=RES_BUY,"Leyton Road, London, E15",2 bedroom flat for sale,"£625,000"
https://www.rightmove.co.uk/properties/119968895#/?channel=RES_BUY,"Anthology Stratford Mill
Marshgate Late
London
E15 2NH",3 bedroom apartment for sale,"£695,000"
https://www.rightmove.co.uk/properties/119113106#/?channel=RES_BUY,"2 White Post Lane, London, E9",2 bedroom apartment for sale,"£625,000"
https://www.rightmove.co.uk/properties/119758745#/?channel=RES_BUY,"Buckingham Road, London, E15",3 bedroom end of terrace house for sale,"£625,000"
https://www.rightmove.co.uk/properties/119724731#/?channel=RES_BUY,"Park Road, London",3 bedroom terraced house for sale,"£625,000"
https://www.rightmove.co.uk/properties/118302515#/?channel=RES_BUY,"Stratford Eye, 1 Angel Lane, Stratford, E15",3 bedroom apartment for sale,"£625,000"
https://www.rightmove.co.uk/properties/114165617#/?channel=RES_BUY,Great Eastern Road London E15,2 bedroom apartment for sale,"£625,000"
https://www.rightmove.co.uk/properties/120161486#/?channel=RES_BUY,"Worland Road, Stratford, London, E15",3 bedroom terraced house for sale,"£625,000"
https://www.rightmove.co.uk/properties/119649026#/?channel=RES_BUY,Great Eastern Road London E15,2 bedroom apartment for sale,"£625,000"
https://www.rightmove.co.uk/properties/119752733#/?channel=RES_BUY,"Colegrave Road, London, E15",3 bedroom terraced house for sale,"£600,000"
https://www.rightmove.co.uk/properties/107506418#/?channel=RES_BUY,"High Street, Stratford, E15",3 bedroom apartment for sale,"£600,000"
https://www.rightmove.co.uk/properties/119552795#/?channel=RES_BUY,"Vansittart Road, London, E7",3 bedroom terraced house for sale,"£600,000"
https://www.rightmove.co.uk/properties/119104064#/?channel=RES_BUY,"Heart of Bow, E3",2 bedroom flat for sale,"£600,000"
https://www.rightmove.co.uk/properties/114888968#/?channel=RES_BUY,"Torrens Square, London",3 bedroom terraced house for sale,"£600,000"
https://www.rightmove.co.uk/properties/117496523#/?channel=RES_BUY,"Geere Road, Stratford",3 bedroom end of terrace house for sale,"£600,000"
https://www.rightmove.co.uk/properties/114440672#/?channel=RES_BUY,"Stratosphere Tower, Great Eastern Road, Stratford E15",2 bedroom apartment for sale,"£600,000"
https://www.rightmove.co.uk/properties/118566365#/?channel=RES_BUY,"White Post Lane, London, E9",2 bedroom apartment for sale,"£600,000"
https://www.rightmove.co.uk/properties/118325702#/?channel=RES_BUY,"Water Lane, Stratford, East London. E15 4NL",3 bedroom apartment for sale,"£600,000"
https://www.rightmove.co.uk/properties/119361641#/?channel=RES_BUY,"Manhattan Building, Bow, E3",2 bedroom flat for sale,"£600,000"
https://www.rightmove.co.uk/properties/120052040#/?channel=RES_BUY,"Portway, Stratford, London, E15",3 bedroom house for sale,"£600,000"
https://www.rightmove.co.uk/properties/83600460#/?channel=RES_BUY,"Knox Road, London, E7",3 bedroom terraced house for sale,"£600,000"
https://www.rightmove.co.uk/properties/115140194#/?channel=RES_BUY,"Stratosphere Tower, 55 Great Eastern Road, Stratford, London, E15",2 bedroom flat for sale,"£600,000"
https://www.rightmove.co.uk/properties/117346292#/?channel=RES_BUY,"129 Cadogan Terrace, London",2 bedroom flat for sale,"£600,000"
https://www.rightmove.co.uk/properties/119460857#/?channel=RES_BUY,"Tandy Place,
London,
E20 3AS",2 bedroom apartment for sale,"£600,000"
https://www.rightmove.co.uk/properties/82348428#/?channel=RES_BUY,"1 Hyett Terrace,
Honour Lea Avenue,
Stratford,
London,
E20 1HH",3 bedroom apartment for sale,"£600,000"
https://www.rightmove.co.uk/properties/119413022#/?channel=RES_BUY,"Prize Walk, Stratford, London, E20",2 bedroom flat for sale,"£600,000"
https://www.rightmove.co.uk/properties/119088932#/?channel=RES_BUY,Station Street London E15,2 bedroom apartment for sale,"£650,000"
https://www.rightmove.co.uk/properties/118354208#/?channel=RES_BUY,"Water Lane, Stratford, London, E15",3 bedroom flat for sale,"£600,000"
https://www.rightmove.co.uk/properties/119820083#/?channel=RES_BUY,"North Birkbeck Road, Leytonstone",3 bedroom terraced house for sale,"£600,000"
https://www.rightmove.co.uk/properties/119461553#/?channel=RES_BUY,"Tandy Place,
London,
E20 3AS",3 bedroom apartment for sale,"£600,000"
